scope,input,n,algo,millis,reps,comparisons,moves,extraBytes,height,sorted
shapes,random,4000,selectionSort,20.1710,3,7998000,11982,0,0,1
shapes,random,4000,shellSort,0.3497,58,86154,128178,0,0,1
shapes,random,4000,treeSort,0.2918,69,53293,8000,64000,27,1
shapes,sorted,4000,selectionSort,15.4640,3,7998000,0,0,0,1
shapes,sorted,4000,shellSort,0.0485,413,40006,80012,0,0,1
shapes,sorted,4000,treeSort,22.7070,3,7998000,8000,64000,4000,1
shapes,reversed,4000,selectionSort,17.1887,3,7998000,6000,0,0,1
shapes,reversed,4000,shellSort,0.0705,284,58816,102812,0,0,1
shapes,reversed,4000,treeSort,25.1563,3,7998000,8000,64000,4000,1
shapes,nearlySorted,4000,selectionSort,20.2180,3,7998000,123,0,0,1
shapes,nearlySorted,4000,shellSort,0.1874,107,57240,97305,0,0,1
shapes,nearlySorted,4000,treeSort,2.9284,7,913808,8000,64000,957,1
shapes,fewUnique,4000,selectionSort,19.7650,3,7998000,10782,0,0,1
shapes,fewUnique,4000,shellSort,0.1701,118,53873,95537,0,0,1
shapes,fewUnique,4000,treeSort,2.7116,8,816583,8000,64000,437,1
growth,random,1000,selectionSort,0.9760,21,499500,2979,0,0,1
growth,random,1000,shellSort,0.0466,429,15041,23536,0,0,1
growth,random,1000,treeSort,0.0409,490,11604,2000,16000,22,1
growth,random,2000,selectionSort,3.8583,6,1999000,5967,0,0,1
growth,random,2000,shellSort,0.1122,179,36409,55453,0,0,1
growth,random,2000,treeSort,0.1150,174,24404,4000,32000,25,1
growth,random,4000,selectionSort,16.5253,3,7998000,11982,0,0,1
growth,random,4000,shellSort,0.2793,72,86154,128178,0,0,1
growth,random,4000,treeSort,0.3401,59,53293,8000,64000,27,1
growth,random,8000,selectionSort,65.6537,3,31996000,23955,0,0,1
growth,random,8000,shellSort,0.7523,27,198319,290344,0,0,1
growth,random,8000,treeSort,0.9062,23,120588,16000,128000,29,1
growth,random,16000,selectionSort,323.8533,3,127992000,47982,0,0,1
growth,random,16000,shellSort,1.6995,12,492030,692026,0,0,1
growth,random,16000,treeSort,1.9675,11,257950,32000,256000,33,1
growth,sorted,1000,selectionSort,1.1794,17,499500,0,0,0,1
growth,sorted,1000,shellSort,0.0114,1754,8006,16012,0,0,1
growth,sorted,1000,treeSort,1.5742,13,499500,2000,16000,1000,1
growth,sorted,2000,selectionSort,4.8660,5,1999000,0,0,0,1
growth,sorted,2000,shellSort,0.0262,763,18006,36012,0,0,1
growth,sorted,2000,treeSort,6.2513,4,1999000,4000,32000,2000,1
growth,sorted,4000,selectionSort,19.8063,3,7998000,0,0,0,1
growth,sorted,4000,shellSort,0.0574,349,40006,80012,0,0,1
growth,sorted,4000,treeSort,25.0850,3,7998000,8000,64000,4000,1
growth,sorted,8000,selectionSort,72.9373,3,31996000,0,0,0,1
growth,sorted,8000,shellSort,0.0973,206,88006,176012,0,0,1
growth,sorted,8000,treeSort,90.5043,3,31996000,16000,128000,8000,1
growth,sorted,16000,selectionSort,297.5290,3,127992000,0,0,0,1
growth,sorted,16000,shellSort,0.2702,75,192006,384012,0,0,1
growth,sorted,16000,treeSort,385.1967,3,127992000,32000,256000,16000,1
